date,time,epoch,moteid,value
2004-03-29,17:11:43.346823,510,56,861.12
2004-03-29,17:12:42.846359,512,56,1140.8
2004-03-29,17:13:12.810219,513,56,861.12
2004-03-29,17:26:13.008641,51900,56,50.6
2004-03-29,19:20:13.662967,52128,56,426.88
2004-03-29,19:20:43.660524,52129,56,426.88
2004-03-29,19:24:13.12996,52136,56,426.88
2004-03-29,19:25:13.655441,52138,56,426.88
2004-03-29,19:26:13.584565,52140,56,426.88
2004-03-29,19:28:13.796109,52144,56,426.88
2004-03-29,19:29:43.559991,52147,56,426.88
2004-03-29,19:30:43.744613,52149,56,426.88
2004-03-29,19:35:13.355324,52158,56,426.88
2004-03-29,19:36:43.737295,52161,56,426.88
2004-03-29,19:39:43.132148,52167,56,426.88
2004-03-29,20:13:13.651849,52234,56,426.88
2004-03-29,20:15:13.369416,52238,56,426.88
2004-03-29,20:18:13.311718,52244,56,426.88
2004-03-29,20:23:13.561805,52254,56,426.88
2004-03-29,20:25:43.757651,52259,56,426.88
2004-03-29,20:26:13.339552,52260,56,426.88
2004-03-29,20:28:13.475005,52264,56,426.88
2004-03-29,20:28:43.76992,52265,56,426.88
2004-03-29,20:30:43.232152,52269,56,426.88
2004-03-29,20:31:13.52437,52270,56,426.88
2004-03-29,20:32:13.5727,52272,56,426.88
2004-03-29,20:33:13.649367,52274,56,426.88
2004-03-29,20:34:13.612056,52276,56,426.88
2004-03-29,20:34:43.833184,52277,56,426.88
2004-03-29,20:38:13.231565,52284,56,426.88
2004-03-29,20:39:43.499609,52287,56,426.88
2004-03-29,20:43:43.584874,52295,56,426.88
2004-03-29,20:44:13.048592,52296,56,426.88
2004-03-29,20:46:13.123614,52300,56,426.88
2004-03-29,20:48:43.843936,52305,56,426.88
2004-03-29,20:57:43.801848,52323,56,412.16
2004-03-29,20:58:43.815732,52325,56,412.16
2004-03-29,20:59:43.878051,52327,56,412.16
2004-03-29,21:00:43.300249,52329,56,412.16
2004-03-29,21:02:13.489815,52332,56,412.16
2004-03-29,21:03:13.270982,52334,56,412.16
2004-03-29,21:04:13.286391,52336,56,412.16
2004-03-29,21:05:13.163158,52338,56,412.16
2004-03-29,21:05:42.945147,52339,56,412.16
2004-03-29,21:06:43.015263,52341,56,412.16
2004-03-29,21:13:13.30442,52354,56,412.16
2004-03-29,21:15:13.54943,52358,56,412.16
2004-03-29,21:18:13.523711,52364,56,412.16
2004-03-29,21:23:43.859706,52375,56,412.16
2004-03-29,21:26:13.901288,52380,56,412.16
2004-03-29,21:28:13.805334,52384,56,412.16
2004-03-29,21:28:44.046107,52385,56,412.16
2004-03-29,21:29:43.609043,52387,56,412.16
2004-03-29,21:36:13.519362,52400,56,412.16
2004-03-29,21:40:13.592252,52408,56,412.16
2004-03-29,21:43:13.872417,52414,56,426.88
2004-03-29,21:44:43.487587,52417,56,426.88
2004-03-29,21:45:13.53324,52418,56,426.88
2004-03-29,21:45:43.817688,52419,56,426.88
2004-03-29,21:46:13.498283,52420,56,426.88
2004-03-29,21:50:43.878505,52429,56,426.88
2004-03-29,21:52:43.342444,52433,56,426.88
2004-03-29,21:54:43.864052,52437,56,426.88
2004-03-29,21:56:43.550927,52441,56,426.88
2004-03-29,22:00:43.583044,52449,56,426.88
2004-03-29,22:02:43.383442,52453,56,412.16
2004-03-29,22:03:23.870963,52454,56,412.16
2004-03-29,22:06:45.224088,52461,56,412.16
2004-03-29,22:11:43.882655,52471,56,412.16
2004-03-29,22:15:14.811669,52478,56,426.88
2004-03-29,22:16:43.569087,52481,56,426.88
2004-03-29,22:17:13.99048,52482,56,426.88
2004-03-29,22:19:13.819966,52486,56,426.88
2004-03-29,22:20:29.19779,52488,56,426.88
2004-03-29,22:21:43.996408,52491,56,426.88
2004-03-29,22:22:44.132811,52493,56,426.88
2004-03-29,22:29:43.325343,52507,56,426.88
2004-03-29,22:32:14.167172,52512,56,426.88
2004-03-29,22:33:13.435257,52514,56,426.88
2004-03-29,22:34:43.619825,52517,56,426.88
2004-03-29,22:44:14.111922,52536,56,426.88
2004-03-29,22:49:14.118342,52546,56,426.88
2004-03-29,22:51:13.363247,52550,56,426.88
2004-03-29,22:51:43.644844,52551,56,426.88
2004-03-29,22:54:14.095169,52556,56,426.88
2004-03-29,23:00:43.842796,52569,56,426.88
2004-03-29,23:01:13.302672,52570,56,426.88
2004-03-29,23:01:44.056139,52571,56,412.16
2004-03-29,23:02:14.124256,52572,56,426.88
2004-03-29,23:05:13.403188,52578,56,412.16
2004-03-29,23:08:43.402223,52585,56,412.16
2004-03-29,23:09:13.98744,52586,56,412.16
2004-03-29,23:14:13.990698,52596,56,412.16
2004-03-29,23:15:44.107731,52599,56,412.16
2004-03-29,23:17:13.735815,52602,56,412.16
2004-03-29,23:17:43.793266,52603,56,412.16
2004-03-29,23:18:44.183171,52605,56,412.16
2004-03-29,23:20:14.012087,52608,56,412.16
2004-03-29,23:21:14.069333,52610,56,412.16
2004-03-29,23:23:44.044973,52615,56,412.16
2004-03-29,23:26:43.466083,52621,56,412.16
2004-03-29,23:27:43.311139,52623,56,412.16
2004-03-29,23:28:43.482185,52625,56,412.16
2004-03-29,23:29:13.969514,52626,56,412.16
2004-03-29,23:31:13.50551,52630,56,412.16
2004-03-29,23:32:13.789349,52632,56,412.16
2004-03-29,23:32:43.66373,52633,56,412.16
2004-03-29,23:35:13.992657,52638,56,412.16
2004-03-29,23:37:13.751352,52642,56,412.16
2004-03-29,23:37:44.143037,52643,56,412.16
2004-03-29,23:38:13.877864,52644,56,412.16
2004-03-29,23:38:43.274609,52645,56,412.16
2004-03-29,23:39:13.986328,52646,56,412.16
2004-03-29,23:39:43.522257,52647,56,412.16
2004-03-29,23:41:13.815564,52650,56,397.44
2004-03-29,23:42:14.09141,52652,56,397.44
2004-03-29,23:46:13.430739,52660,56,412.16
2004-03-29,23:47:14.048539,52662,56,412.16
2004-03-29,23:50:13.315912,52668,56,397.44
2004-03-29,23:50:43.853724,52669,56,397.44
2004-03-29,23:52:43.520591,52673,56,412.16
2004-03-29,23:56:13.530754,52680,56,412.16
2004-03-29,23:56:56.794591,52681,56,412.16
2004-03-29,23:57:14.016072,52682,56,412.16
2004-03-30,00:02:44.138425,52693,56,412.16
2004-03-30,00:03:14.096523,52694,56,397.44
2004-03-30,00:03:43.906244,52695,56,397.44
2004-03-30,00:05:13.712515,52698,56,397.44
2004-03-30,00:06:14.191928,52700,56,397.44
2004-03-30,00:12:13.518208,52712,56,397.44
2004-03-30,00:14:44.091142,52717,56,397.44
2004-03-30,00:16:43.730794,52721,56,397.44
2004-03-30,00:23:43.950415,52735,56,397.44
2004-03-30,00:24:13.729314,52736,56,397.44
2004-03-30,00:25:13.795382,52738,56,397.44
2004-03-30,00:25:43.339065,52739,56,397.44
2004-03-30,00:28:14.144735,52744,56,397.44
2004-03-30,00:28:44.314712,52745,56,397.44
2004-03-30,00:30:43.420942,52749,56,397.44
2004-03-30,00:33:13.934995,52754,56,397.44
2004-03-30,00:36:13.824186,52760,56,397.44
2004-03-30,00:37:44.049203,52763,56,397.44
2004-03-30,00:38:13.273055,52764,56,397.44
2004-03-30,00:38:43.282157,52765,56,397.44
2004-03-30,00:39:43.575066,52767,56,397.44
2004-03-30,00:40:13.843804,52768,56,397.44
2004-03-30,00:42:43.644031,52773,56,397.44
2004-03-30,00:43:13.324615,52774,56,397.44
2004-03-30,00:44:13.608194,52776,56,397.44
2004-03-30,00:47:14.090145,52782,56,397.44
2004-03-30,00:49:44.093409,52787,56,397.44
2004-03-30,00:53:44.158293,52795,56,397.44
2004-03-30,00:56:14.14239,52800,56,397.44
2004-03-30,00:58:44.167584,52805,56,397.44
2004-03-30,00:59:44.019759,52807,56,412.16
2004-03-30,01:01:14.342795,52810,56,412.16
2004-03-30,01:06:13.695437,52820,56,412.16
2004-03-30,01:06:43.649995,52821,56,412.16
2004-03-30,01:09:44.044174,52827,56,412.16
2004-03-30,01:10:44.19086,52829,56,412.16
2004-03-30,01:13:43.374053,52835,56,412.16
2004-03-30,01:17:14.126818,52842,56,412.16
2004-03-30,01:18:13.867242,52844,56,426.88
2004-03-30,01:18:44.247413,52845,56,426.88
2004-03-30,01:19:14.151941,52846,56,426.88
2004-03-30,01:19:43.618878,52847,56,426.88
2004-03-30,01:21:43.356921,52851,56,426.88
2004-03-30,01:22:13.625028,52852,56,426.88
2004-03-30,01:22:44.19484,52853,56,426.88
2004-03-30,01:25:44.39274,52859,56,426.88
2004-03-30,01:28:13.900113,52864,56,426.88
2004-03-30,01:29:13.937704,52866,56,426.88
2004-03-30,01:30:13.855529,52868,56,426.88
2004-03-30,01:30:43.364536,52869,56,426.88
2004-03-30,01:31:13.866836,52870,56,426.88
2004-03-30,01:32:43.72204,52873,56,426.88
2004-03-30,01:33:13.371908,52874,56,426.88
2004-03-30,01:34:13.369177,52876,56,426.88
2004-03-30,01:37:44.198957,52883,56,426.88
2004-03-30,01:42:13.608607,52892,56,426.88
2004-03-30,01:42:43.931618,52893,56,426.88
2004-03-30,01:45:13.775063,52898,56,426.88
2004-03-30,01:46:43.386196,52901,56,426.88
2004-03-30,01:47:43.690746,52903,56,426.88
2004-03-30,01:49:14.175134,52906,56,426.88
2004-03-30,01:49:43.684933,52907,56,426.88
2004-03-30,01:51:14.260894,52910,56,426.88
2004-03-30,01:51:44.080652,52911,56,426.88
2004-03-30,01:52:14.053061,52912,56,426.88
2004-03-30,01:56:14.161443,52920,56,426.88
2004-03-30,01:58:14.199515,52924,56,426.88
2004-03-30,02:00:14.037862,52928,56,426.88
2004-03-30,02:01:44.043075,52931,56,412.16
2004-03-30,02:03:14.355935,52934,56,412.16
2004-03-30,02:03:44.372709,52935,56,412.16
2004-03-30,02:06:43.413153,52941,56,412.16
2004-03-30,02:08:44.357458,52945,56,412.16
2004-03-30,02:10:13.675983,52948,56,412.16
2004-03-30,02:12:13.763503,52952,56,412.16
2004-03-30,02:13:14.269086,52954,56,412.16
2004-03-30,02:14:43.994872,52957,56,412.16
2004-03-30,02:15:44.203641,52959,56,412.16
2004-03-30,02:16:13.393621,52960,56,412.16
2004-03-30,02:17:14.465867,52962,56,412.16
2004-03-30,02:17:44.112222,52963,56,412.16
2004-03-30,02:18:14.041359,52964,56,412.16
2004-03-30,02:18:44.388436,52965,56,412.16
2004-03-30,02:19:13.493999,52966,56,412.16
2004-03-30,02:20:14.172023,52968,56,412.16
2004-03-30,02:21:13.673248,52970,56,412.16
2004-03-30,02:23:13.766194,52974,56,412.16
2004-03-30,02:24:13.80633,52976,56,412.16
2004-03-30,02:25:14.159379,52978,56,412.16
2004-03-30,02:26:14.241736,52980,56,412.16
2004-03-30,02:27:13.867534,52982,56,412.16
2004-03-30,07:43:14.722444,53614,56,20.24
2004-03-30,07:43:43.925884,53615,56,20.24
2004-03-30,07:44:44.490477,53617,56,20.24
2004-03-30,07:45:43.969542,53619,56,20.24
2004-03-30,07:46:44.576247,53621,56,20.24
2004-03-30,07:49:14.581111,53626,56,20.24
2004-03-30,07:51:44.887004,53631,56,20.24
2004-03-30,07:53:14.685559,53634,56,20.24
2004-03-30,07:54:14.841286,53636,56,21.16
2004-03-30,07:54:44.02894,53637,56,21.16
2004-03-30,07:55:44.027942,53639,56,21.16
2004-03-30,07:56:14.388992,53640,56,21.16
2004-03-30,07:57:14.268326,53642,56,23.0
2004-03-30,07:59:14.432573,53646,56,23.0
2004-03-30,08:00:44.819945,53649,56,23.0
2004-03-30,08:01:14.510424,53650,56,23.0
2004-03-30,08:02:14.310474,53652,56,23.0
2004-03-30,08:04:14.505544,53656,56,24.84
2004-03-30,08:04:44.279389,53657,56,24.84
2004-03-30,08:05:13.953098,53658,56,24.84
2004-03-30,08:05:44.661065,53659,56,24.84
2004-03-30,08:06:44.456202,53661,56,24.84
2004-03-30,08:07:14.508373,53662,56,24.84
2004-03-30,08:08:14.482273,53664,56,24.84
2004-03-30,08:09:14.679172,53666,56,24.84
2004-03-30,08:10:14.31761,53668,56,24.84
2004-03-30,08:10:44.274792,53669,56,24.84
2004-03-30,08:11:44.273958,53671,56,24.84
2004-03-30,08:12:44.840524,53673,56,24.84
2004-03-30,08:13:44.536257,53675,56,24.84
2004-03-30,08:14:44.374498,53677,56,26.68
2004-03-30,08:15:14.533497,53678,56,26.68
2004-03-30,08:16:14.189024,53680,56,26.68
2004-03-30,08:16:44.232052,53681,56,26.68
2004-03-30,08:17:44.824964,53683,56,26.68
2004-03-30,08:18:43.915176,53685,56,28.52
2004-03-30,08:20:44.195803,53689,56,28.52
2004-03-30,08:21:14.424027,53690,56,28.52
2004-03-30,08:23:44.250734,53695,56,28.52
2004-03-30,08:24:14.610883,53696,56,28.52
2004-03-30,08:25:44.230761,53699,56,28.52
2004-03-30,08:26:44.407897,53701,56,294.4
2004-03-30,08:27:44.558914,53703,56,323.84
2004-03-30,08:30:44.604121,53709,56,368.0
2004-03-30,08:31:14.525939,53710,56,368.0
2004-03-30,08:32:14.500707,53712,56,353.28
2004-03-30,08:32:44.693981,53713,56,368.0
2004-03-30,08:34:14.31646,53716,56,264.96
2004-03-30,08:34:44.895344,53717,56,264.96
2004-03-30,08:35:14.460139,53718,56,264.96
2004-03-30,08:37:44.922845,53723,56,264.96
2004-03-30,08:40:14.33509,53728,56,264.96
2004-03-30,08:43:14.555449,53734,56,264.96
2004-03-30,08:43:44.518503,53735,56,264.96
2004-03-30,08:44:14.979585,53736,56,264.96
2004-03-30,08:44:44.755496,53737,56,264.96
2004-03-30,08:45:13.921264,53738,56,264.96
2004-03-30,08:48:44.983385,53745,56,264.96
2004-03-30,08:50:14.624895,53748,56,264.96
2004-03-30,08:51:14.442798,53750,56,264.96
2004-03-30,08:51:44.586193,53751,56,264.96
2004-03-30,08:52:44.367678,53753,56,264.96
2004-03-30,08:54:14.540186,53756,56,264.96
2004-03-30,08:55:14.675665,53758,56,264.96
2004-03-30,08:55:44.388437,53759,56,264.96
2004-03-30,08:56:14.138204,53760,56,264.96
2004-03-30,08:57:14.831461,53762,56,264.96
2004-03-30,08:57:44.922203,53763,56,264.96
2004-03-30,08:58:44.533222,53765,56,264.96
2004-03-30,08:59:14.94139,53766,56,264.96
2004-03-30,08:59:44.631219,53767,56,264.96
2004-03-30,09:00:14.992683,53768,56,264.96
2004-03-30,09:00:44.968947,53769,56,264.96
2004-03-30,09:01:14.544079,53770,56,264.96
2004-03-30,09:01:44.505299,53771,56,264.96
2004-03-30,09:03:44.596303,53775,56,264.96
2004-03-30,09:05:14.894872,53778,56,264.96
2004-03-30,09:06:44.730874,53781,56,264.96
2004-03-30,09:07:15.061781,53782,56,264.96
2004-03-30,09:08:14.059044,53784,56,264.96
2004-03-30,09:10:14.667202,53788,56,264.96
2004-03-30,09:11:44.965144,53791,56,264.96
2004-03-30,09:12:44.511582,53793,56,264.96
2004-03-30,09:13:44.297248,53795,56,264.96
2004-03-30,09:16:14.119858,53800,56,264.96
2004-03-30,09:16:44.267684,53801,56,264.96
2004-03-30,09:17:14.616889,53802,56,264.96
2004-03-30,09:17:44.641081,53803,56,264.96
2004-03-30,09:20:44.580056,53809,56,264.96
2004-03-30,09:21:44.76886,53811,56,264.96
2004-03-30,09:25:14.096737,53818,56,264.96
2004-03-30,09:28:44.72388,53825,56,264.96
2004-03-30,09:29:14.379873,53826,56,264.96
2004-03-30,09:31:14.329944,53830,56,264.96
2004-03-30,09:32:45.004523,53833,56,264.96
2004-03-30,09:33:14.619265,53834,56,264.96
2004-03-30,09:35:14.121726,53838,56,264.96
2004-03-30,09:35:44.663037,53839,56,264.96
2004-03-30,09:37:14.484386,53842,56,264.96
2004-03-30,09:37:44.205115,53843,56,264.96
2004-03-30,09:40:44.947048,53849,56,279.68
2004-03-30,09:41:14.36699,53850,56,264.96
2004-03-30,14:33:44.602971,54436,56,382.72
2004-03-30,14:34:15.091212,54437,56,382.72
2004-03-30,14:34:44.62769,54438,56,309.12
2004-03-30,14:35:44.607878,54440,56,294.4
2004-03-30,14:37:45.394633,54444,56,279.68
2004-03-30,14:43:44.619965,54456,56,382.72
2004-03-30,14:44:45.125922,54458,56,368.0
2004-03-30,14:55:14.914774,54479,56,353.28
2004-03-30,14:59:14.600534,54487,56,353.28
2004-03-30,15:01:44.898392,54492,56,294.4
2004-03-30,18:17:15.705816,54883,56,128.8
2004-03-30,18:22:19.260479,54893,56,128.8
2004-03-30,18:24:45.48814,54898,56,128.8
2004-03-30,18:25:15.080329,54899,56,128.8
2004-03-30,18:25:45.495468,54900,56,128.8
2004-03-30,18:26:44.786715,54902,56,128.8
2004-03-30,20:50:57.697199,55190,56,128.8
2004-03-30,20:58:45.430968,55206,56,128.8
2004-03-30,20:59:45.873779,55208,56,128.8
2004-03-30,21:00:45.739992,55210,56,128.8
2004-03-30,21:01:16.007571,55211,56,128.8
2004-03-30,21:02:15.906041,55213,56,128.8
2004-03-30,21:02:46.010905,55214,56,128.8
2004-03-30,21:03:15.219718,55215,56,128.8
2004-03-30,21:04:15.736132,55217,56,128.8
2004-03-30,21:06:15.967415,55221,56,121.44
2004-03-30,21:16:18.317611,55241,56,128.8
2004-03-30,21:22:45.527043,55254,56,128.8
2004-03-30,23:23:15.780331,55495,56,128.8
2004-03-30,23:24:15.842114,55497,56,128.8
2004-03-30,23:25:46.165462,55500,56,128.8
2004-03-30,23:27:16.088662,55503,56,128.8
2004-03-30,23:28:15.902417,55505,56,128.8
2004-03-30,23:29:45.878147,55508,56,128.8
2004-03-30,23:30:46.163987,55510,56,128.8
2004-03-30,23:32:16.200403,55513,56,128.8
2004-03-30,23:32:46.123743,55514,56,128.8
2004-03-30,23:33:16.214246,55515,56,128.8
2004-03-30,23:34:45.675838,55518,56,128.8
2004-03-30,23:35:16.000145,55519,56,128.8
2004-03-30,23:38:45.907866,55526,56,128.8
2004-03-30,23:42:16.201873,55533,56,128.8
2004-03-30,23:47:15.327511,55543,56,128.8
2004-03-30,23:57:15.68185,55563,56,121.44
2004-03-31,00:01:15.453526,55571,56,121.44
2004-03-31,00:05:46.349904,55580,56,121.44
2004-03-31,00:22:46.014481,55614,56,121.44
2004-03-31,00:28:15.995575,55625,56,121.44
2004-03-31,00:29:15.727003,55627,56,121.44
2004-03-31,00:29:45.516653,55628,56,121.44
2004-03-31,00:32:15.360643,55633,56,121.44
2004-03-31,00:33:15.489836,55635,56,121.44
2004-03-31,00:37:15.622238,55643,56,121.44
2004-03-31,00:38:15.567745,55645,56,121.44
2004-03-31,00:41:46.321961,55652,56,121.44
2004-03-31,00:44:16.225662,55657,56,121.44
2004-03-31,00:45:45.608005,55660,56,121.44
2004-03-31,00:48:46.246758,55666,56,121.44
2004-03-31,01:03:15.776245,55695,56,121.44
2004-03-31,01:08:15.801379,55705,56,121.44
2004-03-31,01:08:45.614028,55706,56,121.44
2004-03-31,01:11:16.404731,55711,56,121.44
2004-03-31,06:28:46.216879,56346,56,23.0
2004-03-31,06:29:55.366755,56348,56,24.84
2004-03-31,06:31:46.515529,56352,56,28.52
2004-03-31,06:34:46.751753,56358,56,32.2
2004-03-31,06:36:16.823923,56361,56,32.2
2004-03-31,06:36:46.248226,56362,56,34.04
2004-03-31,06:39:16.660991,56367,56,35.88
2004-03-31,06:45:47.007079,56380,56,41.4
2004-03-31,06:55:50.860619,56400,56,50.6
2004-03-31,06:58:20.712635,56405,56,53.36
2004-03-31,06:59:46.005005,56408,56,57.04
2004-03-31,07:00:48.105809,56410,56,57.04
2004-03-31,07:01:17.161894,56411,56,57.04
2004-03-31,07:01:48.377861,56412,56,57.04
2004-03-31,07:02:18.343604,56413,56,57.04
2004-03-31,07:05:48.131204,56420,56,60.72
2004-03-31,07:07:16.067269,56423,56,60.72
2004-03-31,07:08:46.874089,56426,56,64.4
2004-03-31,07:09:16.23058,56427,56,64.4
2004-03-31,07:15:16.700961,56439,56,71.76
2004-03-31,07:27:46.637855,56464,56,108.56
2004-03-31,07:31:16.928344,56471,56,108.56
2004-03-31,07:33:17.007846,56475,56,108.56
2004-03-31,07:37:46.08738,56484,56,104.88
2004-03-31,07:38:46.53643,56486,56,108.56
2004-03-31,07:39:18.589429,56487,56,108.56
2004-03-31,07:43:16.878778,56495,56,108.56
2004-03-31,07:48:18.388375,56505,56,121.44
2004-03-31,07:50:50.833451,56510,56,121.44
2004-03-31,07:51:16.213842,56511,56,121.44
2004-03-31,07:53:16.910344,56515,56,128.8
2004-03-31,07:57:48.198376,56524,56,136.16
2004-03-31,08:26:16.757839,56581,56,165.6
2004-03-31,08:33:17.059124,56595,56,172.96
2004-03-31,08:42:17.148005,56613,56,180.32
2004-03-31,08:42:47.062259,56614,56,187.68
2004-03-31,08:48:47.028176,56626,56,187.68
2004-03-31,09:02:46.544509,56654,56,209.76
2004-03-31,09:06:47.22342,56662,56,209.76
2004-03-31,09:14:51.105112,56678,56,224.48
2004-03-31,09:15:50.767506,56680,56,224.48
2004-03-31,09:16:16.986105,56681,56,224.48
2004-03-31,09:17:46.364651,56684,56,235.52
2004-03-31,09:20:16.303715,56689,56,338.56
2004-03-31,09:25:46.754814,56700,56,338.56
2004-03-31,09:26:46.903132,56702,56,338.56
2004-03-31,09:28:48.401284,56706,56,338.56
2004-03-31,09:29:47.008934,56708,56,338.56
2004-03-31,09:32:50.559398,56714,56,353.28
2004-03-31,09:34:46.552576,56718,56,353.28
2004-03-31,09:36:48.273615,56722,56,353.28
2004-03-31,09:40:17.223858,56729,56,368.0
2004-03-31,09:40:46.364994,56730,56,368.0
2004-03-31,09:53:46.303239,56756,56,382.72
2004-03-31,09:57:46.278494,56764,56,382.72
2004-03-31,09:58:46.927719,56766,56,382.72
2004-03-31,10:36:46.539495,56842,56,382.72
2004-03-31,12:43:17.026063,57095,56,41.4
2004-03-31,16:15:17.688202,57520,56,172.96
2004-03-31,16:15:47.489937,57521,56,172.96
2004-03-31,16:16:16.949464,57522,56,172.96
2004-03-31,16:17:16.950574,57524,56,165.6
2004-03-31,16:17:55.882052,57525,56,165.6
2004-03-31,16:18:46.960296,57527,56,165.6
2004-03-31,16:19:17.547756,57528,56,165.6
2004-03-31,16:19:47.632648,57529,56,165.6
2004-03-31,16:21:55.654486,57533,56,165.6
2004-03-31,16:22:17.423575,57534,56,165.6
2004-03-31,16:23:47.313588,57537,56,158.24
2004-03-31,16:26:17.538858,57542,56,158.24
2004-03-31,16:28:17.478079,57546,56,158.24
2004-03-31,16:29:17.74953,57548,56,158.24
2004-03-31,16:30:49.167976,57551,56,158.24
2004-03-31,16:31:47.276118,57553,56,158.24
2004-03-31,16:32:17.256714,57554,56,158.24
2004-03-31,16:33:17.593847,57556,56,158.24
2004-03-31,16:34:17.565017,57558,56,158.24
2004-03-31,16:35:47.243446,57561,56,158.24
2004-03-31,16:39:47.475735,57569,56,150.88
2004-03-31,16:42:47.914373,57575,56,150.88
2004-03-31,16:43:47.332588,57577,56,150.88
2004-03-31,16:44:17.257063,57578,56,150.88
2004-03-31,16:45:47.237974,57581,56,150.88
2004-03-31,16:46:17.405545,57582,56,150.88
2004-03-31,16:46:51.377536,57583,56,150.88
2004-03-31,16:47:47.003479,57585,56,150.88
2004-03-31,16:48:17.256292,57586,56,150.88
2004-03-31,16:49:17.455018,57588,56,150.88
2004-03-31,16:50:17.853148,57590,56,150.88
2004-03-31,16:50:47.723399,57591,56,150.88
2004-03-31,16:54:48.904037,57599,56,150.88
2004-03-31,16:55:17.057611,57600,56,150.88
2004-03-31,16:56:47.003539,57603,56,150.88
2004-03-31,16:57:21.839047,57604,56,150.88
2004-03-31,16:57:47.661604,57605,56,150.88
2004-03-31,16:58:23.461477,57606,56,150.88
2004-03-31,16:58:47.065888,57607,56,150.88
2004-03-31,16:59:23.603265,57608,56,150.88
2004-03-31,16:59:47.383373,57609,56,150.88
2004-03-31,17:00:47.851267,57611,56,150.88
2004-03-31,17:01:16.95146,57612,56,150.88
2004-03-31,17:02:47.989236,57615,56,143.52
2004-03-31,17:03:17.49835,57616,56,143.52
2004-03-31,17:04:17.187916,57618,56,143.52
2004-03-31,17:04:47.768898,57619,56,143.52
2004-03-31,17:05:17.00022,57620,56,143.52
2004-03-31,17:07:47.735913,57625,56,143.52
2004-03-31,17:08:47.357385,57627,56,143.52
2004-03-31,17:09:46.82846,57629,56,143.52
2004-03-31,17:14:25.48813,57638,56,143.52
2004-03-31,17:15:47.655175,57641,56,143.52
2004-03-31,17:16:17.557472,57642,56,143.52
2004-03-31,17:19:47.789529,57649,56,136.16
2004-03-31,17:20:17.566152,57650,56,143.52
2004-03-31,17:20:47.10687,57651,56,143.52
2004-03-31,17:21:47.401127,57653,56,143.52
2004-03-31,17:22:55.034428,57655,56,136.16
2004-03-31,17:23:17.669253,57656,56,143.52
2004-03-31,17:24:47.235768,57659,56,143.52
2004-03-31,17:27:17.956579,57664,56,136.16
2004-03-31,17:28:17.787459,57666,56,136.16
2004-03-31,17:29:47.734612,57669,56,136.16
2004-03-31,17:30:17.911622,57670,56,136.16
2004-03-31,17:32:17.953489,57674,56,136.16
2004-03-31,17:32:47.308647,57675,56,136.16
2004-03-31,17:33:17.884108,57676,56,136.16
2004-03-31,17:34:17.727464,57678,56,136.16
2004-03-31,17:35:47.267941,57681,56,136.16
2004-03-31,17:36:17.343199,57682,56,136.16
2004-03-31,17:37:17.293281,57684,56,136.16
2004-03-31,17:37:47.267263,57685,56,128.8
2004-03-31,17:38:47.493017,57687,56,128.8
2004-03-31,17:43:17.871195,57696,56,128.8
2004-03-31,17:44:17.586149,57698,56,128.8
2004-03-31,17:44:47.940037,57699,56,128.8
2004-03-31,17:45:47.348289,57701,56,128.8
2004-03-31,17:46:17.757162,57702,56,128.8
2004-03-31,17:48:17.416098,57706,56,121.44
2004-03-31,17:48:47.879141,57707,56,121.44
2004-03-31,17:49:47.993876,57709,56,121.44
2004-03-31,17:50:47.146142,57711,56,121.44
2004-03-31,17:54:47.128437,57719,56,121.44
2004-03-31,17:55:26.730767,57720,56,121.44
2004-03-31,17:56:17.966707,57722,56,114.08
2004-03-31,18:00:17.562663,57730,56,114.08
2004-03-31,18:02:52.016116,57735,56,121.44
2004-03-31,18:03:21.776337,57736,56,121.44
2004-03-31,18:05:17.768887,57740,56,128.8
2004-03-31,18:07:17.844326,57744,56,128.8
2004-03-31,18:10:17.348958,57750,56,128.8
2004-03-31,18:10:47.9067,57751,56,121.44
2004-03-31,18:13:17.445552,57756,56,121.44
2004-03-31,18:14:18.00864,57758,56,121.44
2004-03-31,18:17:47.651178,57765,56,121.44
2004-03-31,18:20:18.038182,57770,56,121.44
2004-03-31,18:21:17.892672,57772,56,121.44
2004-03-31,18:22:47.600966,57775,56,114.08
2004-03-31,18:23:17.622552,57776,56,114.08
2004-03-31,18:24:17.714474,57778,56,114.08
2004-03-31,18:26:17.694077,57782,56,114.08
2004-03-31,18:27:17.187014,57784,56,114.08
2004-03-31,18:28:47.112401,57787,56,114.08
2004-03-31,18:32:47.654352,57795,56,114.08
2004-03-31,18:33:17.905404,57796,56,114.08
2004-03-31,18:33:48.030769,57797,56,114.08
2004-03-31,18:34:17.452892,57798,56,114.08
2004-03-31,18:34:47.202288,57799,56,114.08
2004-03-31,18:35:47.427005,57801,56,114.08
2004-03-31,18:36:53.53575,57803,56,114.08
2004-03-31,18:37:17.534011,57804,56,114.08
2004-03-31,18:37:47.875608,57805,56,114.08
2004-03-31,18:38:47.151486,57807,56,114.08
2004-03-31,18:39:18.024038,57808,56,114.08
2004-03-31,18:41:17.25164,57812,56,114.08
2004-03-31,18:42:17.188967,57814,56,114.08
2004-03-31,18:42:47.581314,57815,56,114.08
2004-03-31,18:43:17.157034,57816,56,114.08
2004-03-31,18:43:47.733224,57817,56,114.08
2004-03-31,18:44:17.935545,57818,56,114.08
2004-03-31,18:45:17.551388,57820,56,114.08
2004-03-31,18:45:47.428642,57821,56,114.08
2004-03-31,18:46:17.198638,57822,56,114.08
2004-03-31,18:47:47.863018,57825,56,114.08
2004-03-31,18:48:18.010394,57826,56,114.08
2004-03-31,18:48:47.746123,57827,56,114.08
2004-03-31,18:49:19.258624,57828,56,114.08
2004-03-31,18:49:47.590925,57829,56,114.08
2004-03-31,18:50:17.252338,57830,56,114.08
2004-03-31,18:51:48.222125,57833,56,114.08
2004-03-31,18:52:19.614824,57834,56,114.08
2004-03-31,18:52:47.480055,57835,56,114.08
2004-03-31,18:53:47.922677,57837,56,114.08
2004-03-31,18:56:25.500402,57842,56,114.08
2004-03-31,18:56:47.171063,57843,56,114.08
2004-03-31,18:57:17.416671,57844,56,114.08
2004-03-31,18:57:47.890733,57845,56,114.08
2004-03-31,18:58:17.675803,57846,56,114.08
2004-03-31,18:58:47.210962,57847,56,114.08
2004-03-31,18:59:18.14716,57848,56,114.08
2004-03-31,18:59:51.412196,57849,56,114.08
2004-03-31,19:01:47.673133,57853,56,114.08
2004-03-31,19:02:18.099342,57854,56,114.08
2004-03-31,19:02:49.396357,57855,56,114.08
2004-03-31,19:03:17.739458,57856,56,114.08
2004-03-31,19:03:51.773355,57857,56,114.08
2004-03-31,19:04:17.530294,57858,56,114.08
2004-03-31,19:05:17.203803,57860,56,114.08
2004-03-31,19:05:47.289961,57861,56,114.08
2004-03-31,19:06:47.719845,57863,56,114.08
2004-03-31,19:07:17.037033,57864,56,114.08
2004-03-31,19:08:24.062726,57866,56,114.08
2004-03-31,19:10:47.860231,57871,56,114.08
2004-03-31,19:11:17.875076,57872,56,114.08
2004-03-31,19:12:48.249485,57875,56,114.08
2004-03-31,19:13:18.094529,57876,56,114.08
2004-03-31,19:13:56.589108,57877,56,114.08
2004-03-31,19:14:17.452325,57878,56,114.08
2004-03-31,19:15:49.403023,57881,56,114.08
2004-03-31,19:16:47.778322,57883,56,114.08
2004-03-31,19:17:17.721707,57884,56,114.08
2004-03-31,19:17:47.357005,57885,56,114.08
2004-03-31,19:18:18.101332,57886,56,114.08
2004-03-31,19:18:47.130687,57887,56,114.08
2004-03-31,19:20:47.766533,57891,56,114.08
2004-03-31,19:21:18.044506,57892,56,114.08
2004-03-31,19:22:17.64759,57894,56,114.08
2004-03-31,19:24:47.680154,57899,56,114.08
2004-03-31,19:25:23.585252,57900,56,114.08
2004-03-31,19:26:17.386382,57902,56,114.08
2004-03-31,19:27:26.043671,57904,56,114.08
2004-03-31,19:27:58.267918,57905,56,114.08
2004-03-31,19:28:16.987998,57906,56,114.08
2004-03-31,19:28:51.881777,57907,56,114.08
2004-03-31,19:29:17.542493,57908,56,114.08
2004-03-31,19:29:56.343875,57909,56,114.08
2004-03-31,19:30:17.307972,57910,56,114.08
2004-03-31,19:30:47.501939,57911,56,114.08
2004-03-31,19:31:47.970122,57913,56,114.08
2004-03-31,19:32:48.038924,57915,56,114.08
2004-03-31,19:33:47.19754,57917,56,114.08
2004-03-31,19:34:17.59537,57918,56,114.08
2004-03-31,19:36:48.097228,57923,56,114.08
2004-03-31,19:37:53.530075,57925,56,114.08
2004-03-31,19:38:17.772171,57926,56,114.08
2004-03-31,19:38:47.545965,57927,56,114.08
2004-03-31,19:39:19.333173,57928,56,114.08
2004-03-31,19:40:21.675298,57930,56,114.08
2004-03-31,19:40:47.689313,57931,56,114.08
2004-03-31,19:43:17.37224,57936,56,114.08
2004-03-31,19:44:17.527825,57938,56,114.08
2004-03-31,19:45:17.42025,57940,56,114.08
2004-03-31,19:46:17.498403,57942,56,114.08
2004-03-31,19:47:00.619461,57943,56,114.08
2004-03-31,19:47:18.970307,57944,56,114.08
2004-03-31,19:48:18.221807,57946,56,114.08
2004-03-31,19:48:47.980265,57947,56,114.08
2004-03-31,19:49:17.236225,57948,56,114.08
2004-03-31,19:49:48.006815,57949,56,114.08
2004-03-31,19:50:17.643746,57950,56,114.08
2004-03-31,19:50:49.304772,57951,56,114.08
2004-03-31,19:51:18.11165,57952,56,114.08
2004-03-31,19:51:47.455585,57953,56,114.08
2004-03-31,19:52:19.422697,57954,56,114.08
2004-03-31,19:53:17.79449,57956,56,114.08
2004-03-31,19:53:47.706882,57957,56,114.08
2004-03-31,19:55:17.666287,57960,56,114.08
2004-03-31,19:55:55.935199,57961,56,114.08
2004-03-31,19:56:17.437329,57962,56,114.08
2004-03-31,19:56:48.328849,57963,56,114.08
2004-03-31,19:57:47.605433,57965,56,114.08
2004-03-31,19:58:47.925578,57967,56,114.08
2004-03-31,19:59:47.866381,57969,56,114.08
2004-03-31,20:00:17.666755,57970,56,114.08
2004-03-31,20:00:48.276725,57971,56,114.08
2004-03-31,20:01:17.494705,57972,56,114.08
2004-03-31,20:01:47.556558,57973,56,114.08
2004-03-31,20:02:23.90295,57974,56,114.08
2004-03-31,20:03:17.708996,57976,56,114.08
2004-03-31,20:03:48.132575,57977,56,114.08
2004-03-31,20:04:17.560918,57978,56,114.08
2004-03-31,20:05:17.687056,57980,56,114.08
2004-03-31,20:06:18.067239,57982,56,114.08
2004-03-31,20:07:48.150258,57985,56,114.08
2004-03-31,20:08:17.781195,57986,56,114.08
2004-03-31,20:08:47.785963,57987,56,114.08
2004-03-31,20:09:47.285638,57989,56,114.08
2004-03-31,20:10:17.534545,57990,56,114.08
2004-03-31,20:12:18.004913,57994,56,114.08
2004-03-31,20:12:47.976125,57995,56,114.08
2004-03-31,20:13:17.851778,57996,56,114.08
2004-03-31,20:13:48.194232,57997,56,114.08
2004-03-31,20:15:47.621874,58001,56,114.08
2004-03-31,20:16:48.004102,58003,56,114.08
2004-03-31,20:19:47.985705,58009,56,114.08
2004-03-31,20:21:18.068408,58012,56,114.08
2004-03-31,20:22:47.685897,58015,56,114.08
2004-03-31,20:23:18.116135,58016,56,114.08
2004-03-31,20:23:48.291945,58017,56,114.08
2004-03-31,20:25:17.707452,58020,56,114.08
2004-03-31,20:25:48.027141,58021,56,114.08
2004-03-31,20:26:17.950423,58022,56,114.08
2004-03-31,20:26:48.211998,58023,56,114.08
2004-03-31,20:27:47.859137,58025,56,114.08
2004-03-31,20:29:00.933095,58027,56,114.08
2004-03-31,20:31:17.642395,58032,56,114.08
2004-03-31,20:32:17.88415,58034,56,114.08
2004-03-31,20:33:18.144216,58036,56,114.08
2004-03-31,20:33:48.167323,58037,56,114.08
2004-03-31,20:34:48.044732,58039,56,114.08
2004-03-31,20:36:17.390518,58042,56,114.08
2004-03-31,20:37:17.262773,58044,56,114.08
2004-03-31,20:38:25.942398,58046,56,114.08
2004-03-31,20:38:47.493148,58047,56,114.08
2004-03-31,20:39:47.968655,58049,56,114.08
2004-03-31,20:40:18.028014,58050,56,114.08
2004-03-31,20:40:48.099307,58051,56,114.08
2004-03-31,20:41:17.506423,58052,56,114.08
2004-03-31,20:41:47.828293,58053,56,114.08
2004-03-31,20:42:17.249949,58054,56,114.08
2004-03-31,20:42:47.603491,58055,56,114.08
2004-03-31,20:43:47.487093,58057,56,114.08
2004-03-31,20:46:48.193925,58063,56,114.08
2004-03-31,20:49:17.631357,58068,56,114.08
2004-03-31,20:49:48.155035,58069,56,114.08
2004-03-31,20:50:17.316612,58070,56,114.08
2004-03-31,20:50:47.598083,58071,56,114.08
2004-03-31,20:51:17.930856,58072,56,114.08
2004-03-31,20:51:47.528214,58073,56,114.08
2004-03-31,20:52:17.817083,58074,56,114.08
2004-03-31,20:53:48.178324,58077,56,114.08
2004-03-31,20:54:24.52516,58078,56,114.08
2004-03-31,20:54:47.423906,58079,56,114.08
2004-03-31,20:56:17.675059,58082,56,114.08
2004-03-31,20:56:47.664156,58083,56,114.08
2004-03-31,20:57:47.766602,58085,56,114.08
2004-03-31,20:58:17.432504,58086,56,114.08
2004-03-31,20:59:17.100679,58088,56,108.56
2004-03-31,20:59:48.361086,58089,56,114.08
2004-03-31,21:00:48.099314,58091,56,114.08
2004-03-31,21:01:47.446545,58093,56,114.08
2004-03-31,21:03:18.354093,58096,56,114.08
2004-03-31,21:03:47.710609,58097,56,114.08
2004-03-31,21:04:17.730204,58098,56,114.08
2004-03-31,21:04:48.19252,58099,56,114.08
2004-03-31,21:06:47.538406,58103,56,114.08
2004-03-31,21:07:19.725648,58104,56,114.08
2004-03-31,21:07:53.965367,58105,56,114.08
2004-03-31,21:08:17.736825,58106,56,114.08
2004-03-31,21:10:47.356375,58111,56,114.08
2004-03-31,21:11:18.263736,58112,56,114.08
2004-03-31,21:11:48.045916,58113,56,114.08
2004-03-31,21:12:17.872445,58114,56,114.08
2004-03-31,21:12:48.217662,58115,56,114.08
2004-03-31,21:13:18.268997,58116,56,114.08
2004-03-31,21:13:47.415634,58117,56,114.08
2004-03-31,21:14:18.065775,58118,56,114.08
2004-03-31,21:14:47.336144,58119,56,114.08
2004-03-31,21:16:18.341888,58122,56,114.08
2004-03-31,21:16:47.871814,58123,56,114.08
2004-03-31,21:19:17.151359,58128,56,108.56
2004-03-31,21:20:24.078473,58130,56,108.56
2004-03-31,21:20:47.703988,58131,56,114.08
2004-03-31,21:21:17.790848,58132,56,114.08
2004-03-31,21:21:47.421556,58133,56,114.08
2004-03-31,21:22:18.190625,58134,56,114.08
2004-03-31,21:23:17.952315,58136,56,114.08
2004-03-31,21:23:47.86882,58137,56,114.08
2004-03-31,21:24:19.479076,58138,56,114.08
2004-03-31,21:24:54.177692,58139,56,114.08
2004-03-31,21:26:47.608632,58143,56,114.08
2004-03-31,21:28:18.325643,58146,56,114.08
2004-03-31,21:28:47.472395,58147,56,114.08
2004-03-31,21:30:26.440906,58150,56,114.08
2004-03-31,21:30:48.21481,58151,56,114.08
2004-03-31,21:31:17.918141,58152,56,114.08
2004-03-31,21:32:18.286241,58154,56,114.08
2004-03-31,21:33:52.147992,58157,56,114.08
2004-03-31,21:34:17.59826,58158,56,114.08
2004-03-31,21:34:48.112324,58159,56,114.08
2004-03-31,21:35:17.440142,58160,56,114.08
2004-03-31,21:35:47.66744,58161,56,114.08
2004-03-31,21:36:17.476806,58162,56,114.08
2004-03-31,21:37:18.0513,58164,56,114.08
2004-03-31,21:37:47.80799,58165,56,114.08
2004-03-31,21:38:18.119269,58166,56,114.08
2004-03-31,21:38:48.124617,58167,56,114.08
2004-03-31,21:39:17.944135,58168,56,114.08
2004-03-31,21:40:26.51209,58170,56,114.08
2004-03-31,21:40:47.958068,58171,56,114.08
2004-03-31,21:42:18.114125,58174,56,114.08
2004-03-31,21:42:47.4751,58175,56,114.08
2004-03-31,21:43:17.980025,58176,56,114.08
2004-03-31,21:43:48.032006,58177,56,114.08
2004-03-31,21:45:47.413702,58181,56,114.08
2004-03-31,21:46:17.433862,58182,56,114.08
2004-03-31,21:46:47.704941,58183,56,114.08
2004-03-31,21:47:17.999822,58184,56,114.08
2004-03-31,21:47:49.594708,58185,56,114.08
2004-03-31,21:48:51.87683,58187,56,114.08
2004-03-31,21:49:17.643245,58188,56,114.08
2004-03-31,21:50:17.772338,58190,56,114.08
2004-03-31,21:51:17.927265,58192,56,114.08
2004-03-31,21:51:56.565204,58193,56,114.08
2004-03-31,21:52:18.090203,58194,56,114.08
2004-03-31,21:52:49.616814,58195,56,114.08
2004-03-31,21:53:17.415997,58196,56,114.08
2004-03-31,21:55:17.475779,58200,56,114.08
2004-03-31,21:55:47.444591,58201,56,114.08
2004-03-31,21:56:47.800556,58203,56,114.08
2004-03-31,21:57:26.374412,58204,56,114.08
2004-03-31,21:57:48.037869,58205,56,114.08
2004-03-31,21:58:17.470734,58206,56,114.08
2004-03-31,21:58:48.131962,58207,56,114.08
2004-03-31,21:59:23.940989,58208,56,114.08
2004-03-31,22:00:31.133368,58210,56,114.08
2004-03-31,22:00:47.839958,58211,56,114.08
2004-03-31,22:01:17.663813,58212,56,114.08
2004-03-31,22:01:47.907336,58213,56,114.08
2004-03-31,22:02:17.437931,58214,56,114.08
2004-03-31,22:02:48.035759,58215,56,114.08
2004-03-31,22:04:30.790706,58218,56,114.08
2004-03-31,22:04:49.479568,58219,56,114.08
2004-03-31,22:05:48.243079,58221,56,114.08
2004-03-31,22:06:17.961108,58222,56,114.08
2004-03-31,22:07:28.624989,58224,56,114.08
2004-03-31,22:08:17.903644,58226,56,114.08
2004-03-31,22:09:47.631002,58229,56,114.08
2004-03-31,22:12:18.32591,58234,56,114.08
2004-03-31,22:12:56.242217,58235,56,114.08
2004-03-31,22:14:18.208298,58238,56,114.08
2004-03-31,22:14:47.386255,58239,56,114.08
2004-03-31,22:15:51.922214,58241,56,114.08
2004-03-31,22:16:47.684518,58243,56,114.08
2004-03-31,22:17:17.828763,58244,56,114.08
2004-03-31,22:17:48.466517,58245,56,114.08
2004-03-31,22:18:26.814926,58246,56,114.08
2004-03-31,22:19:48.320226,58249,56,114.08
2004-03-31,22:20:18.021565,58250,56,114.08
2004-03-31,22:20:48.537772,58251,56,114.08
2004-03-31,22:21:17.513876,58252,56,114.08
2004-03-31,22:21:48.058569,58253,56,114.08
2004-03-31,22:22:17.549774,58254,56,114.08
2004-03-31,22:22:48.349611,58255,56,114.08
2004-03-31,22:23:18.365013,58256,56,114.08
2004-03-31,22:24:18.305341,58258,56,114.08
2004-03-31,22:24:53.980723,58259,56,114.08
2004-03-31,22:25:48.385728,58261,56,114.08
2004-03-31,22:28:48.199379,58267,56,114.08
2004-03-31,22:29:17.989717,58268,56,114.08
2004-03-31,22:29:47.956472,58269,56,114.08
2004-03-31,22:30:18.270828,58270,56,114.08
2004-03-31,22:30:47.85857,58271,56,114.08
2004-03-31,22:31:19.509049,58272,56,114.08
2004-03-31,22:31:47.901874,58273,56,114.08
2004-03-31,22:32:17.924603,58274,56,114.08
2004-03-31,22:32:48.072035,58275,56,114.08
2004-03-31,22:33:47.962032,58277,56,114.08
2004-03-31,22:34:18.340296,58278,56,114.08
2004-03-31,22:34:47.881668,58279,56,114.08
2004-03-31,22:35:17.938884,58280,56,114.08
2004-03-31,22:36:18.163679,58282,56,114.08
2004-03-31,22:37:47.66128,58285,56,114.08
2004-03-31,22:38:47.475911,58287,56,114.08
2004-03-31,22:39:18.21181,58288,56,114.08
2004-03-31,22:40:17.756811,58290,56,114.08
2004-03-31,22:40:48.328573,58291,56,114.08
2004-03-31,22:41:28.827227,58292,56,114.08
2004-03-31,22:43:18.476137,58296,56,114.08
2004-03-31,22:43:47.926758,58297,56,114.08
2004-03-31,22:44:17.903444,58298,56,114.08
2004-03-31,22:44:58.674396,58299,56,114.08
2004-03-31,22:45:17.427809,58300,56,114.08
2004-03-31,22:45:48.356894,58301,56,114.08
2004-03-31,22:46:28.796773,58302,56,114.08
2004-03-31,22:47:18.073679,58304,56,114.08
2004-03-31,22:48:18.361539,58306,56,114.08
2004-03-31,22:48:48.344456,58307,56,114.08
2004-03-31,22:51:18.377124,58312,56,114.08
2004-03-31,22:51:48.293497,58313,56,114.08
2004-03-31,22:53:47.768454,58317,56,114.08
2004-03-31,22:54:18.136496,58318,56,114.08
2004-03-31,22:55:17.447182,58320,56,114.08
2004-03-31,22:57:48.140558,58325,56,114.08
2004-03-31,22:59:18.176908,58328,56,114.08
2004-03-31,23:00:18.309825,58330,56,114.08
2004-03-31,23:01:48.269853,58333,56,114.08
2004-03-31,23:02:18.293373,58334,56,114.08
2004-03-31,23:02:47.472961,58335,56,114.08
2004-03-31,23:05:18.121364,58340,56,114.08
2004-03-31,23:05:47.712408,58341,56,114.08
2004-03-31,23:06:48.333851,58343,56,114.08
2004-03-31,23:07:24.559795,58344,56,114.08
2004-03-31,23:08:18.259678,58346,56,114.08
2004-03-31,23:08:47.633861,58347,56,114.08
2004-03-31,23:09:48.261036,58349,56,114.08
2004-03-31,23:10:47.954016,58351,56,114.08
2004-03-31,23:12:47.865742,58355,56,114.08
2004-03-31,23:13:18.368771,58356,56,114.08
2004-03-31,23:14:17.55147,58358,56,114.08
2004-03-31,23:14:47.54464,58359,56,114.08
2004-03-31,23:15:18.261378,58360,56,114.08
2004-03-31,23:15:51.97525,58361,56,114.08
2004-03-31,23:16:18.027347,58362,56,114.08
2004-03-31,23:18:18.213579,58366,56,114.08
2004-03-31,23:18:47.956889,58367,56,114.08
2004-03-31,23:19:17.602701,58368,56,114.08
2004-03-31,23:20:18.28561,58370,56,114.08
2004-03-31,23:20:47.586766,58371,56,114.08
2004-03-31,23:21:18.436902,58372,56,114.08
2004-03-31,23:26:18.126224,58382,56,114.08
2004-03-31,23:27:17.635911,58384,56,114.08
2004-03-31,23:27:47.874985,58385,56,114.08
2004-03-31,23:28:17.58357,58386,56,114.08
2004-03-31,23:29:18.405493,58388,56,114.08
2004-03-31,23:30:17.93645,58390,56,114.08
2004-03-31,23:30:48.40242,58391,56,114.08
2004-03-31,23:32:18.34302,58394,56,114.08
2004-03-31,23:32:47.57449,58395,56,114.08
2004-03-31,23:33:17.868844,58396,56,114.08
2004-03-31,23:34:17.89463,58398,56,114.08
2004-03-31,23:34:52.074217,58399,56,114.08
2004-03-31,23:35:17.646448,58400,56,114.08
2004-03-31,23:35:48.275129,58401,56,114.08
2004-03-31,23:36:18.444401,58402,56,114.08
2004-03-31,23:36:47.606258,58403,56,114.08
2004-03-31,23:37:18.23579,58404,56,114.08
2004-03-31,23:37:48.221881,58405,56,114.08
2004-03-31,23:39:18.11477,58408,56,114.08
2004-03-31,23:40:47.662116,58411,56,114.08
2004-03-31,23:41:18.167985,58412,56,114.08
2004-03-31,23:41:47.863158,58413,56,114.08
2004-03-31,23:42:18.425552,58414,56,114.08
2004-03-31,23:42:48.160975,58415,56,114.08
2004-03-31,23:43:18.501609,58416,56,114.08
2004-03-31,23:45:18.43164,58420,56,114.08
2004-03-31,23:46:18.261758,58422,56,114.08
2004-03-31,23:47:48.440725,58425,56,114.08
2004-03-31,23:48:17.676317,58426,56,114.08
2004-03-31,23:48:48.369511,58427,56,114.08
2004-03-31,23:49:17.929583,58428,56,114.08
2004-03-31,23:49:48.396123,58429,56,114.08
2004-03-31,23:50:17.864739,58430,56,114.08
2004-03-31,23:50:47.706153,58431,56,114.08
2004-03-31,23:51:54.37326,58433,56,114.08
2004-03-31,23:52:18.204878,58434,56,114.08
2004-03-31,23:52:48.030354,58435,56,114.08
2004-03-31,23:55:48.528631,58441,56,114.08
2004-03-31,23:56:17.871543,58442,56,114.08
2004-03-31,23:57:17.990402,58444,56,114.08
2004-03-31,23:57:48.116372,58445,56,114.08
2004-03-31,23:58:17.68126,58446,56,114.08
2004-03-31,23:59:22.170435,58448,56,114.08
2004-03-31,23:59:47.911308,58449,56,114.08
2004-04-01,00:00:17.919051,58450,56,114.08
2004-04-01,00:01:48.014688,58453,56,114.08
2004-04-01,00:02:18.146064,58454,56,114.08
2004-04-01,00:04:18.007632,58458,56,114.08
2004-04-01,00:05:17.674158,58460,56,114.08
2004-04-01,00:08:17.798098,58466,56,114.08
2004-04-01,00:08:48.112139,58467,56,114.08
2004-04-01,00:09:47.686889,58469,56,114.08
2004-04-01,00:10:18.578999,58470,56,114.08
2004-04-01,00:11:17.672985,58472,56,114.08
2004-04-01,00:11:48.218207,58473,56,114.08
2004-04-01,00:12:17.612171,58474,56,114.08
2004-04-01,00:12:47.920672,58475,56,114.08
2004-04-01,00:13:18.223679,58476,56,114.08
2004-04-01,00:13:47.578148,58477,56,114.08
2004-04-01,00:14:22.327871,58478,56,114.08
2004-04-01,00:14:50.116234,58479,56,114.08
2004-04-01,00:15:17.871052,58480,56,114.08
2004-04-01,00:16:17.975756,58482,56,114.08
2004-04-01,00:16:47.966512,58483,56,114.08
2004-04-01,00:18:48.27576,58487,56,114.08
2004-04-01,00:19:18.515542,58488,56,114.08
2004-04-01,00:20:18.238471,58490,56,114.08
2004-04-01,00:20:48.185996,58491,56,114.08
2004-04-01,00:21:47.64194,58493,56,114.08
2004-04-01,00:22:47.835683,58495,56,114.08
2004-04-01,00:23:17.870459,58496,56,114.08
2004-04-01,00:23:48.320528,58497,56,114.08
2004-04-01,00:24:18.178008,58498,56,114.08
2004-04-01,00:24:56.636891,58499,56,114.08
2004-04-01,00:25:18.62153,58500,56,114.08
2004-04-01,00:26:48.472318,58503,56,114.08
2004-04-01,00:29:48.504747,58509,56,114.08
2004-04-01,00:30:18.266135,58510,56,114.08
2004-04-01,00:31:26.880241,58512,56,114.08
2004-04-01,00:32:18.21179,58514,56,114.08
2004-04-01,00:32:48.305274,58515,56,114.08
2004-04-01,00:33:18.367517,58516,56,114.08
2004-04-01,00:33:48.146239,58517,56,114.08
2004-04-01,00:34:17.861392,58518,56,114.08
2004-04-01,00:34:48.441625,58519,56,114.08
2004-04-01,00:35:17.674421,58520,56,114.08
2004-04-01,00:36:18.523021,58522,56,114.08
2004-04-01,00:36:47.747345,58523,56,114.08
2004-04-01,00:37:18.27462,58524,56,114.08
2004-04-01,00:38:18.343801,58526,56,114.08
2004-04-01,00:39:18.540576,58528,56,114.08
2004-04-01,00:40:18.509317,58530,56,114.08
2004-04-01,00:40:52.331574,58531,56,114.08
2004-04-01,00:42:17.931574,58534,56,114.08
2004-04-01,00:42:48.137423,58535,56,114.08
2004-04-01,00:43:17.736415,58536,56,114.08
2004-04-01,00:43:48.11943,58537,56,114.08
2004-04-01,00:44:17.960372,58538,56,114.08
2004-04-01,00:45:17.626819,58540,56,114.08
2004-04-01,00:45:48.399685,58541,56,114.08
2004-04-01,00:46:17.977648,58542,56,114.08
2004-04-01,00:47:17.659747,58544,56,114.08
2004-04-01,00:48:18.550496,58546,56,114.08
2004-04-01,06:17:49.191858,59205,56,20.24
2004-04-01,06:18:48.721695,59207,56,21.16
2004-04-01,06:20:19.132132,59210,56,23.0
2004-04-01,06:20:48.495136,59211,56,23.0
2004-04-01,06:21:18.987146,59212,56,23.0
2004-04-01,06:22:19.087504,59214,56,24.84
2004-04-01,06:25:18.692124,59220,56,32.2
2004-04-01,06:26:18.741511,59222,56,32.2
2004-04-01,06:28:48.946262,59227,56,35.88
2004-04-01,06:29:48.825208,59229,56,37.72
2004-04-01,06:30:49.199609,59231,56,39.56
2004-04-01,06:31:19.098775,59232,56,39.56
2004-04-01,06:32:18.25332,59234,56,39.56
2004-04-01,06:33:49.108862,59237,56,41.4
2004-04-01,06:34:48.547284,59239,56,43.24
2004-04-01,06:35:18.772884,59240,56,43.24
2004-04-01,06:35:48.285428,59241,56,45.08
2004-04-01,06:36:18.686102,59242,56,45.08
2004-04-01,06:37:48.625271,59245,56,46.92
2004-04-01,06:38:19.272925,59246,56,46.92
2004-04-01,06:38:48.277066,59247,56,46.92
2004-04-01,06:40:18.709341,59250,56,48.76
2004-04-01,06:40:48.435421,59251,56,48.76
2004-04-01,06:41:18.583204,59252,56,50.6
2004-04-01,06:42:26.210988,59254,56,50.6
2004-04-01,06:43:49.138204,59257,56,53.36
2004-04-01,06:44:49.030056,59259,56,53.36
2004-04-01,06:46:26.869997,59262,56,53.36
2004-04-01,06:47:19.018699,59264,56,57.04
2004-04-01,06:48:48.516326,59267,56,57.04
2004-04-01,06:51:49.248968,59273,56,60.72
2004-04-01,06:55:55.574833,59281,56,64.4
2004-04-01,06:56:52.323138,59283,56,64.4
2004-04-01,06:57:48.712961,59285,56,64.4
2004-04-01,06:59:18.93548,59288,56,68.08
2004-04-01,07:00:49.108579,59291,56,68.08
2004-04-01,07:02:18.789978,59294,56,71.76
2004-04-01,07:03:18.997325,59296,56,71.76
2004-04-01,07:04:00.977487,59297,56,71.76
2004-04-01,07:05:18.725805,59300,56,71.76
2004-04-01,07:06:50.52287,59303,56,75.44
2004-04-01,07:08:18.557499,59306,56,75.44
2004-04-01,07:09:18.223298,59308,56,75.44
2004-04-01,07:09:49.049454,59309,56,79.12
2004-04-01,07:10:22.808217,59310,56,79.12
2004-04-01,07:10:49.109141,59311,56,79.12
2004-04-01,07:13:48.861847,59317,56,82.8
2004-04-01,07:14:18.29572,59318,56,82.8
2004-04-01,07:14:48.345146,59319,56,82.8
2004-04-01,07:15:18.516455,59320,56,82.8
2004-04-01,07:16:18.737045,59322,56,86.48
2004-04-01,07:16:48.513757,59323,56,86.48
2004-04-01,07:17:48.386411,59325,56,86.48
2004-04-01,07:18:18.567622,59326,56,90.16
2004-04-01,07:20:49.098873,59331,56,114.08
2004-04-01,07:21:49.269681,59333,56,143.52
2004-04-01,07:22:18.780062,59334,56,187.68
2004-04-01,07:22:48.38968,59335,56,250.24
2004-04-01,07:23:18.816505,59336,56,294.4
2004-04-01,07:25:18.88417,59340,56,397.44
2004-04-01,07:26:19.064606,59342,56,294.4
2004-04-01,07:26:49.093585,59343,56,224.48
2004-04-01,07:27:28.569005,59344,56,165.6
2004-04-01,07:28:18.806486,59346,56,128.8
2004-04-01,07:30:19.201523,59350,56,121.44
2004-04-01,07:31:19.131624,59352,56,121.44
2004-04-01,07:32:48.598013,59355,56,121.44
2004-04-01,07:33:18.967707,59356,56,121.44
2004-04-01,07:34:18.570842,59358,56,121.44
2004-04-01,07:34:49.137925,59359,56,121.44
2004-04-01,07:35:55.120628,59361,56,121.44
2004-04-01,07:36:18.921024,59362,56,121.44
2004-04-01,07:37:48.738491,59365,56,114.08
2004-04-01,07:39:19.208729,59368,56,114.08
2004-04-01,07:39:49.034585,59369,56,114.08
2004-04-01,07:40:48.952802,59371,56,121.44
2004-04-01,07:41:18.898137,59372,56,121.44
2004-04-01,07:41:49.10575,59373,56,121.44
2004-04-01,07:42:19.220177,59374,56,121.44
2004-04-01,07:42:49.01613,59375,56,121.44
2004-04-01,07:43:19.237255,59376,56,121.44
2004-04-01,07:43:48.40841,59377,56,121.44
2004-04-01,07:44:19.180796,59378,56,121.44
2004-04-01,07:45:52.731045,59381,56,128.8
2004-04-01,07:46:20.901954,59382,56,128.8
2004-04-01,07:47:18.664707,59384,56,128.8
2004-04-01,07:48:19.01799,59386,56,128.8
2004-04-01,07:49:18.936548,59388,56,128.8
2004-04-01,07:51:48.636244,59393,56,136.16
2004-04-01,07:52:19.122748,59394,56,128.8
2004-04-01,07:52:48.90327,59395,56,136.16
2004-04-01,07:53:19.173653,59396,56,136.16
2004-04-01,07:53:49.230284,59397,56,136.16
2004-04-01,07:54:18.988846,59398,56,136.16
2004-04-01,07:54:49.038883,59399,56,136.16
2004-04-01,07:56:08.074641,59401,56,136.16
2004-04-01,07:56:19.036788,59402,56,136.16
2004-04-01,07:57:20.557443,59404,56,136.16
2004-04-01,07:58:18.849773,59406,56,136.16
2004-04-01,07:58:57.647833,59407,56,136.16
2004-04-01,07:59:48.464237,59409,56,143.52
2004-04-01,08:00:34.114514,59410,56,143.52
2004-04-01,08:01:18.460589,59412,56,143.52
2004-04-01,08:02:18.68344,59414,56,150.88
2004-04-01,08:02:48.824102,59415,56,150.88
2004-04-01,08:03:18.627865,59416,56,150.88
2004-04-01,08:04:18.450304,59418,56,165.6
2004-04-01,08:04:48.972873,59419,56,172.96
2004-04-01,08:05:49.268041,59421,56,195.04
2004-04-01,08:06:18.440397,59422,56,195.04
2004-04-01,08:06:50.828839,59423,56,202.4
2004-04-01,08:07:19.249907,59424,56,202.4
2004-04-01,08:07:48.99648,59425,56,195.04
2004-04-01,08:08:19.207577,59426,56,187.68
2004-04-01,08:08:48.636,59427,56,180.32
2004-04-01,08:10:18.908437,59430,56,172.96
2004-04-01,08:12:18.921245,59434,56,195.04
2004-04-01,08:13:18.753848,59436,56,235.52
2004-04-01,08:13:48.865279,59437,56,279.68
2004-04-01,08:14:19.015038,59438,56,338.56
2004-04-01,08:14:48.905018,59439,56,441.6
2004-04-01,08:15:19.067228,59440,56,625.6
2004-04-01,08:15:48.96863,59441,56,861.12
2004-04-01,08:16:18.799061,59442,56,1258.56
2004-04-01,08:17:18.387288,59444,56,1788.48
2004-04-01,08:19:18.672042,59448,56,831.68
2004-04-01,08:19:48.540158,59449,56,507.84
2004-04-01,08:20:18.991475,59450,56,264.96
2004-04-01,08:20:49.300902,59451,56,180.32
2004-04-01,08:22:48.987808,59455,56,158.24
2004-04-01,08:23:19.104142,59456,56,158.24
2004-04-01,08:23:48.418863,59457,56,158.24
2004-04-01,08:24:19.061864,59458,56,158.24
2004-04-01,08:24:49.18509,59459,56,158.24
2004-04-01,08:25:19.229564,59460,56,158.24
2004-04-01,08:26:18.364561,59462,56,158.24
2004-04-01,08:26:49.345173,59463,56,158.24
2004-04-01,08:27:18.663341,59464,56,158.24
2004-04-01,08:27:48.370107,59465,56,158.24
2004-04-01,08:28:18.918957,59466,56,158.24
2004-04-01,08:28:48.755401,59467,56,158.24
2004-04-01,08:30:27.372957,59470,56,158.24
2004-04-01,08:31:48.871935,59473,56,158.24
2004-04-01,08:32:49.228451,59475,56,158.24
2004-04-01,08:33:18.58223,59476,56,165.6
2004-04-01,08:33:48.709514,59477,56,165.6
2004-04-01,08:34:20.390517,59478,56,158.24
2004-04-01,08:34:48.491938,59479,56,165.6
2004-04-01,08:35:48.620083,59481,56,165.6
2004-04-01,08:37:19.148568,59484,56,165.6
2004-04-01,08:37:52.44031,59485,56,172.96
2004-04-01,08:38:18.500249,59486,56,172.96
2004-04-01,08:39:19.26897,59488,56,165.6
2004-04-01,08:39:48.916802,59489,56,165.6
2004-04-01,08:40:18.97467,59490,56,165.6
2004-04-01,08:40:49.140933,59491,56,165.6
2004-04-01,08:42:24.986942,59494,56,165.6
2004-04-01,08:42:49.025746,59495,56,165.6
2004-04-01,08:43:18.698504,59496,56,165.6
2004-04-01,08:43:49.174001,59497,56,165.6
2004-04-01,08:44:48.520915,59499,56,165.6
2004-04-01,08:45:48.704005,59501,56,165.6
2004-04-01,08:46:22.785104,59502,56,165.6
2004-04-01,08:47:18.478076,59504,56,165.6
2004-04-01,08:47:49.473553,59505,56,165.6
2004-04-01,08:48:48.476693,59507,56,165.6
2004-04-01,08:49:18.592555,59508,56,165.6
2004-04-01,08:49:48.889532,59509,56,165.6
2004-04-01,08:50:27.795422,59510,56,165.6
2004-04-01,08:50:49.24723,59511,56,165.6
2004-04-01,08:51:18.773223,59512,56,165.6
2004-04-01,08:51:48.61065,59513,56,165.6
2004-04-01,08:52:19.103174,59514,56,165.6
2004-04-01,08:53:23.504636,59516,56,165.6
2004-04-01,08:53:48.976515,59517,56,172.96
2004-04-01,08:54:18.635635,59518,56,172.96
2004-04-01,08:55:20.465532,59520,56,250.24
2004-04-01,08:55:49.003416,59521,56,250.24
2004-04-01,08:56:19.111685,59522,56,264.96
2004-04-01,08:57:18.515858,59524,56,264.96
2004-04-01,08:57:55.128787,59525,56,264.96
2004-04-01,08:58:49.079422,59527,56,264.96
2004-04-01,08:59:18.777023,59528,56,264.96
2004-04-01,09:00:48.979722,59531,56,264.96
2004-04-01,09:01:19.139553,59532,56,264.96
2004-04-01,09:01:49.365624,59533,56,264.96
2004-04-01,09:02:18.859569,59534,56,279.68
2004-04-01,09:02:48.741554,59535,56,279.68
2004-04-01,09:03:18.811228,59536,56,279.68
2004-04-01,09:04:18.505225,59538,56,264.96
2004-04-01,09:05:25.06414,59540,56,279.68
2004-04-01,09:06:18.498444,59542,56,279.68
2004-04-01,09:06:48.794028,59543,56,279.68
2004-04-01,09:07:19.333816,59544,56,279.68
2004-04-01,09:07:59.734787,59545,56,279.68
2004-04-01,09:08:20.95213,59546,56,279.68
2004-04-01,09:09:18.422087,59548,56,279.68
2004-04-01,09:09:49.06746,59549,56,279.68
2004-04-01,09:10:49.289751,59551,56,279.68
2004-04-01,09:11:20.716316,59552,56,279.68
2004-04-01,09:11:55.062717,59553,56,279.68
2004-04-01,09:12:19.109987,59554,56,279.68
2004-04-01,09:12:49.00413,59555,56,279.68
2004-04-01,09:13:20.962466,59556,56,279.68
2004-04-01,09:13:48.717571,59557,56,279.68
2004-04-01,09:14:49.035717,59559,56,279.68
2004-04-01,09:15:19.52994,59560,56,279.68
2004-04-01,09:16:26.986767,59562,56,279.68
2004-04-01,09:16:50.457614,59563,56,279.68
2004-04-01,09:17:18.71565,59564,56,279.68
2004-04-01,09:17:49.434719,59565,56,279.68
2004-04-01,09:18:19.05122,59566,56,279.68
2004-04-01,09:18:57.613723,59567,56,279.68
2004-04-01,09:19:49.037274,59569,56,279.68
2004-04-01,09:20:18.780929,59570,56,279.68
2004-04-01,09:20:49.318501,59571,56,279.68
2004-04-01,09:21:19.290243,59572,56,279.68
2004-04-01,09:21:49.000315,59573,56,279.68
2004-04-01,09:22:19.123863,59574,56,279.68
2004-04-01,09:22:55.240036,59575,56,279.68
2004-04-01,09:23:18.936705,59576,56,279.68
2004-04-01,09:23:49.017984,59577,56,279.68
2004-04-01,09:24:18.70489,59578,56,279.68
2004-04-01,09:24:49.044919,59579,56,279.68
2004-04-01,09:25:22.796929,59580,56,279.68
2004-04-01,09:25:55.546215,59581,56,279.68
2004-04-01,09:26:49.126273,59583,56,279.68
2004-04-01,09:27:18.61376,59584,56,279.68
2004-04-01,09:27:49.072609,59585,56,279.68
2004-04-01,09:28:18.836295,59586,56,279.68
2004-04-01,09:28:49.440214,59587,56,279.68
2004-04-01,09:29:30.062872,59588,56,279.68
2004-04-01,09:29:49.20489,59589,56,279.68
2004-04-01,09:30:19.024589,59590,56,279.68
2004-04-01,09:30:49.329711,59591,56,294.4
2004-04-01,09:31:19.062584,59592,56,294.4
2004-04-01,09:31:48.927208,59593,56,279.68
2004-04-01,09:33:48.910959,59597,56,294.4
2004-04-01,09:34:19.158239,59598,56,294.4
2004-04-01,09:34:48.84671,59599,56,294.4
2004-04-01,09:35:20.795538,59600,56,294.4
2004-04-01,09:35:49.178991,59601,56,294.4
2004-04-01,09:36:18.687191,59602,56,294.4
2004-04-01,09:37:31.931895,59604,56,294.4
2004-04-01,09:37:50.666041,59605,56,294.4
2004-04-01,09:38:25.031828,59606,56,294.4
2004-04-01,09:38:55.107508,59607,56,294.4
2004-04-01,09:39:19.362226,59608,56,294.4
2004-04-01,09:40:48.92859,59611,56,294.4
2004-04-01,09:41:18.805009,59612,56,294.4
2004-04-01,09:42:23.215682,59614,56,279.68
2004-04-01,09:42:48.832987,59615,56,294.4
2004-04-01,09:43:53.063063,59617,56,294.4
2004-04-01,09:44:19.055822,59618,56,294.4
2004-04-01,09:44:53.267662,59619,56,294.4
2004-04-01,09:45:19.190629,59620,56,294.4
2004-04-01,09:45:48.865357,59621,56,294.4
2004-04-01,09:46:18.55071,59622,56,294.4
2004-04-01,09:47:50.486392,59625,56,294.4
2004-04-01,09:48:19.436023,59626,56,294.4
2004-04-01,09:49:18.559251,59628,56,294.4
2004-04-01,09:50:31.739265,59630,56,294.4
2004-04-01,09:50:53.006762,59631,56,294.4
2004-04-01,09:51:19.250275,59632,56,294.4
2004-04-01,09:51:48.96382,59633,56,294.4
2004-04-01,09:53:30.625275,59636,56,294.4
2004-04-01,09:55:02.62593,59639,56,294.4
2004-04-01,09:56:59.591946,59643,56,264.96
2004-04-01,09:57:49.299441,59645,56,264.96
2004-04-01,09:59:27.157878,59648,56,264.96
2004-04-01,09:59:57.157939,59649,56,264.96
2004-04-01,10:00:18.745296,59650,56,279.68
2004-04-01,10:02:49.418821,59655,56,279.68
2004-04-01,10:03:49.097863,59657,56,279.68
2004-04-01,10:04:27.608874,59658,56,279.68
2004-04-01,10:04:48.69239,59659,56,279.68
2004-04-01,10:05:18.528912,59660,56,279.68
2004-04-01,10:06:31.669415,59662,56,279.68
2004-04-01,10:07:19.463742,59664,56,279.68
2004-04-01,10:08:19.277012,59666,56,279.68
2004-04-01,10:09:15.596815,59667,56,279.68
2004-04-01,10:09:25.320287,59668,56,264.96
2004-04-01,10:09:49.244496,59669,56,279.68
2004-04-01,10:10:48.530273,59671,56,279.68
2004-04-01,10:12:20.664013,59674,56,279.68
2004-04-01,10:13:18.861696,59676,56,279.68
2004-04-01,10:14:19.110071,59678,56,279.68
2004-04-01,10:14:48.780566,59679,56,279.68
2004-04-01,10:15:23.033983,59680,56,279.68
2004-04-01,10:15:48.863467,59681,56,279.68
2004-04-01,10:16:19.50979,59682,56,279.68
2004-04-01,10:16:50.566718,59683,56,279.68
2004-04-01,10:17:49.128554,59685,56,279.68
2004-04-01,10:18:18.794418,59686,56,279.68
2004-04-01,10:18:51.098448,59687,56,279.68
2004-04-01,10:19:55.456925,59689,56,279.68
2004-04-01,10:20:19.155005,59690,56,279.68
2004-04-01,10:20:49.591419,59691,56,279.68
2004-04-01,10:36:48.843517,59723,56,684.48
2004-04-01,10:37:19.347353,59724,56,209.76
2004-04-01,10:38:31.816992,59726,56,32.2
2004-04-01,11:16:49.075762,59803,56,35.88
2004-04-01,11:18:02.356095,59805,56,37.72
2004-04-01,11:18:48.587036,59807,56,37.72
2004-04-01,11:19:29.999087,59808,56,34.04
2004-04-01,11:19:58.041906,59809,56,37.72
2004-04-01,11:20:49.50274,59811,56,23.0
2004-04-01,11:36:49.471884,59843,56,32.2
2004-04-01,11:37:20.645733,59844,56,37.72
2004-04-01,11:37:49.158323,59845,56,43.24
2004-04-01,11:57:49.538417,59885,56,43.24
2004-04-01,11:58:48.715898,59887,56,41.4
2004-04-01,11:59:19.230768,59888,56,41.4
2004-04-01,11:59:49.186149,59889,56,41.4
2004-04-01,12:00:18.763532,59890,56,39.56
2004-04-01,12:00:48.911592,59891,56,39.56
2004-04-01,12:01:19.244841,59892,56,39.56
2004-04-01,12:01:52.946103,59893,56,41.4
2004-04-01,12:02:19.310285,59894,56,41.4
2004-04-01,12:03:19.221848,59896,56,30.36
2004-04-01,12:04:19.051577,59898,56,34.04
2004-04-01,12:05:03.715207,59899,56,82.8
2004-04-01,12:07:22.389936,59904,56,26.68
2004-04-01,12:08:53.460179,59907,56,20.24
2004-04-01,12:10:18.725388,59910,56,23.0
2004-04-01,12:10:50.227044,59911,56,30.36
2004-04-01,12:12:32.21569,59914,56,32.2
2004-04-01,12:13:55.432566,59917,56,79.12
2004-04-01,12:51:19.292888,59992,56,20.24
2004-04-01,12:53:19.409877,59996,56,23.0
2004-04-01,12:53:49.469907,59997,56,23.0
2004-04-01,12:56:29.439958,60002,56,23.0
2004-04-01,12:57:48.890761,60005,56,21.16
2004-04-01,13:00:07.045436,60009,56,26.68
2004-04-05,11:02:32.715337,58,56,37.72
